课程号	课程名称	开课学院	余量	容量	待定(本专业/所有)	本账号已选	教学班	教师	周五上课时间	地点	学期段	考试时间	候选来源/页签
551E0130	习近平新时代中国特色社会主义思想在浙江的实践	马克思主义学院	35	50	1~6	否	(2026-2027-1)-551E0130-0017169-2	楼俊超	周四第11,12节;周五第11,12节	紫金港北3-115;紫金港北3-115	冬	待定	zdbk目录 / 通识必修-全部
BIO1004G	生命科学导论实验	生命科学学院	0	35	0~0	否	(2026-2027-1)-BIO1004G-0097288-1	蒋金火	周五第6,7,8,9节{双周}	紫金港生物实验中心-412	秋冬	待定	zdbk目录 / 通识必修-全部、通识必修-自然科学
CAB0710G	调味茶制作与鉴赏	农业与生物技术学院	0	40	0~0	否	(2026-2027-1)-CAB0710G-0619363-1	楚强、陈萍、郭昊蔚	周五第11,12,13节	紫金港农生组团A-375	秋冬	待定	zdbk目录 / 通识选修-全部、通识选修-博雅技艺
CHEM1001G	大学化学	化学系	77	120	0~5	否	(2026-2027-1)-CHEM1001G-0006127-1	聂晶晶、彭笑刚	周二第3,4节;周五第3,4节	紫金港东1B-210;紫金港东1B-210	秋冬	2027年01月09日(10:30-12:30)	zdbk目录 / 通识必修-全部、通识必修-自然科学
CHEM1003G	普通化学（乙）	化学系	67	120	0~16	否	(2026-2027-1)-CHEM1003G-0004127-1	厉刚	周三第1,2节;周五第1,2节	紫金港东1A-205;紫金港东1A-205	秋	2026年11月08日(10:30-12:30)	zdbk目录 / 通识必修-全部、通识必修-自然科学
CHEM1003G	普通化学（乙）	化学系	31	88	0~3	否	(2026-2027-1)-CHEM1003G-0099457-1	张昭	周二第1,2节;周五第3,4节	紫金港东1B-202;紫金港东1B-202	秋	2026年11月08日(10:30-12:30)	zdbk目录 / 通识必修-全部、通识必修-自然科学
CHEM1005G	普通化学实验（甲）	化学系	3	30	0~6	否	(2026-2027-1)-CHEM1005G-0000057-2	李宁	周五第1,2,3,4节	紫金港化学实验中心-201	秋冬	待定	PDF培养方案 / 通识-自然科学选修、通识必修-全部、通识必修-自然科学
CHEM1005G	普通化学实验（甲）	化学系	0	30	0~0	否	(2026-2027-1)-CHEM1005G-0018511-2	徐孝菲	周五第1,2,3,4节	紫金港化学实验中心-204	秋冬	待定	PDF培养方案 / 通识-自然科学选修、通识必修-全部、通识必修-自然科学
CHEM1005G	普通化学实验（甲）	化学系	0	30	0~0	否	(2026-2027-1)-CHEM1005G-0021779-2	赵玲丽	周五第1,2,3,4节	紫金港化学实验中心-203	秋冬	待定	PDF培养方案 / 通识-自然科学选修、通识必修-全部、通识必修-自然科学
CHEM1005G	普通化学实验（甲）	化学系	1	30	0~1	否	(2026-2027-1)-CHEM1005G-0024791-1	韩钊	周五第1,2,3,4节	紫金港化学实验中心-209	秋冬	待定	PDF培养方案 / 通识-自然科学选修、通识必修-全部、通识必修-自然科学
CHEM1005G	普通化学实验（甲）	化学系	3	30	0~2	否	(2026-2027-1)-CHEM1005G-0095358-2	毛建新	周五第1,2,3,4节	紫金港化学实验中心-202	秋冬	待定	PDF培养方案 / 通识-自然科学选修、通识必修-全部、通识必修-自然科学
CHEM1005G	普通化学实验（甲）	化学系	3	30	0~4	否	(2026-2027-1)-CHEM1005G-0098450-2	习玲玲	周五第1,2,3,4节	紫金港化学实验中心-207	秋冬	待定	PDF培养方案 / 通识-自然科学选修、通识必修-全部、通识必修-自然科学
CS1001G	C程序设计基础及实验	计算机科学与技术学院	1	70	0~0	否	(2026-2027-1)-CS1001G-0009665-1A	陶煜波	周三第6,7,8节;周五第3,4节	紫金港东1B-304;紫金港机房	秋冬	2027年01月13日(14:00-16:00)	zdbk目录 / 通识必修-全部、通识必修-计算机
CS1002G	C程序设计基础	计算机科学与技术学院	0	145	0~0	否	(2026-2027-1)-CS1002G-0010046-1	侯启明	周三第7,8节;周五第1,2节	紫金港东1A-301;紫金港机房	秋冬	2027年01月15日(14:00-16:00)	zdbk目录 / 通识必修-全部、通识必修-计算机
CS1002G	C程序设计基础	计算机科学与技术学院	5	145	0~0	否	(2026-2027-1)-CS1002G-0010046-2	侯启明	周三第9,10节;周五第3,4节	紫金港东1A-301;紫金港机房	秋冬	2027年01月15日(14:00-16:00)	zdbk目录 / 通识必修-全部、通识必修-计算机
CS1002G	C程序设计基础	计算机科学与技术学院	7	145	0~0	否	(2026-2027-1)-CS1002G-0091340-3	白洪欢	周三第9,10节;周五第3,4节	紫金港东1A-209;紫金港机房	秋冬	2027年01月15日(14:00-16:00)	zdbk目录 / 通识必修-全部、通识必修-计算机
CS1002G	C程序设计基础	计算机科学与技术学院	0	145	0~0	否	(2026-2027-1)-CS1002G-0092053-4	肖少拥	周三第7,8节;周五第1,2节	紫金港东1A-203;紫金港机房	秋冬	2027年01月15日(14:00-16:00)	zdbk目录 / 通识必修-全部、通识必修-计算机
CS1006G	Python程序设计	计算机科学与技术学院	0	80	0~0	否	(2026-2027-1)-CS1006G-0095513-3A	李峰	周二第9,10节;周五第3,4节	紫金港东1B-210;紫金港机房	秋冬	2027年01月12日(14:00-16:00)	zdbk目录 / 通识必修-全部、通识必修-计算机
CS1006G	Python程序设计	计算机科学与技术学院	1	120	0~0	否	(2026-2027-1)-CS1006G-0095513-4A	李峰	周二第7,8节;周五第1,2节	紫金港东1B-210;紫金港机房	秋冬	2027年01月12日(14:00-16:00)	zdbk目录 / 通识必修-全部、通识必修-计算机
CS1006G	Python程序设计	计算机科学与技术学院	33	120	4~75	否	(2026-2027-1)-CS1006G-0098253-3A	沈钦仙	周三第1,2节;周五第3,4节	紫金港东1B-210;紫金港机房	秋冬	2027年01月12日(14:00-16:00)	zdbk目录 / 通识必修-全部、通识必修-计算机
CS1012GH	Python程序设计（H）	计算机科学与技术学院	12	67	1~10	否	(2026-2027-1)-CS1012GH-0001016-3	陆汉权	周五第3,4,5节	紫金港东1A-213	秋冬	2027年01月12日(14:00-16:00)	zdbk目录 / 通识必修-全部、通识必修-计算机
CS1014GZ	程序设计与算法基础	计算机科学与技术学院	-12	90	0~0	否	(2026-2027-1)-CS1014GZ-0095096-1A	应晶	周四第3,4,5节;周五第1,2节	紫金港东1A-209;紫金港机房	秋冬	2027年01月09日(10:30-12:30)	zdbk目录 / 通识必修-全部、通识必修-计算机
CS1015GZ	程序设计基础与实验	计算机科学与技术学院	0	106	0~0	否	(2026-2027-1)-CS1015GZ-0092050-1A	许端清	周三第3,4,5节;周五第3,4节	紫金港东1A-301;紫金港机房	秋冬	2027年01月11日(14:00-16:00)	zdbk目录 / 通识必修-全部、通识必修-计算机
EDU2001G	军事理论	教育学院	0	300	0~0	否	(2026-2027-1)-EDU2001G-0017170-4	程春	周五第1,2节	紫金港北2-112	秋冬	2027年01月08日(10:30-12:30)	PDF培养方案 / 通识-军体必修、通识必修-全部、通识必修-军体
ENER0900GZ	百万立方未来世界	能源工程学院	2	70	0~0	否	(2026-2027-1)-ENER0900GZ-0012076-1	徐象国、高宁、傅翼	周三第1,2节;周五第3,4节	紫金港西1-217;紫金港西1-217	秋冬	待定	zdbk目录 / 通识选修-全部、通识选修-科技创新、通识选修-通识核心
ENVR0601G	环境与可持续发展导论	环境与资源学院	4	80	0~0	否	(2026-2027-1)-ENVR0601G-0023041-1	史乐	周五第11,12,13节	紫金港北3-112	秋	待定	zdbk目录 / 通识选修-全部、通识选修-生命探索
MARX1003G	习近平新时代中国特色社会主义思想概论	马克思主义学院	5	155	12~71	否	(2026-2027-1)-MARX1003G-0018231-12	桑建泉、翟绪权	周五第3,4,5节	紫金港蒙民伟-225	秋冬	2027年01月10日(14:00-16:00)	PDF培养方案 / 通识-思政必修、通识必修-全部、通识必修-思政必修
MARX1003G	习近平新时代中国特色社会主义思想概论	马克思主义学院	6	155	15~86	否	(2026-2027-1)-MARX1003G-0020238-1	翟绪权、桑建泉	周五第3,4,5节	紫金港东2-301	秋冬	2027年01月10日(14:00-16:00)	PDF培养方案 / 通识-思政必修、通识必修-全部、通识必修-思政必修
MARX1004G	大学生思想文化素养	马克思主义学院	3	97	0~3	否	(2026-2027-1)-MARX1004G-0003150-1	赵传贤、张曼华	周五第1,2节	紫金港东1A-301	秋冬	待定	PDF培养方案 / 通识-思政必修、通识必修-全部、通识必修-思政必修
MARX1004G	大学生思想文化素养	马克思主义学院	3	70	2~4	否	(2026-2027-1)-MARX1004G-0012436-1	车淼洁、李安	周五第3,4节	紫金港东1A-203	秋冬	待定	PDF培养方案 / 通识-思政必修、通识必修-全部、通识必修-思政必修
MARX1004G	大学生思想文化素养	马克思主义学院	12	70	1~5	否	(2026-2027-1)-MARX1004G-0013410-1	骆笑、陶甄	周五第3,4节	紫金港东1A-209	秋冬	待定	PDF培养方案 / 通识-思政必修、通识必修-全部、通识必修-思政必修
MARX1004G	大学生思想文化素养	马克思主义学院	0	97	0~0	否	(2026-2027-1)-MARX1004G-0021331-4	靳思远	周五第1,2节	紫金港东2-102	秋冬	待定	PDF培养方案 / 通识-思政必修、通识必修-全部、通识必修-思政必修
MARX1004G	大学生思想文化素养	马克思主义学院	0	70	0~0	否	(2026-2027-1)-MARX1004G-0021331-5	靳思远	周五第3,4节	紫金港东2-102	秋冬	待定	PDF培养方案 / 通识-思政必修、通识必修-全部、通识必修-思政必修
MARX1004G	大学生思想文化素养	马克思主义学院	1	97	0~4	否	(2026-2027-1)-MARX1004G-0024307-4	王君	周五第1,2节	紫金港东1B-304	秋冬	待定	PDF培养方案 / 通识-思政必修、通识必修-全部、通识必修-思政必修
MARX1004G	大学生思想文化素养	马克思主义学院	0	70	0~0	否	(2026-2027-1)-MARX1004G-0024307-5	王君	周五第3,4节	紫金港东1B-304	秋冬	待定	PDF培养方案 / 通识-思政必修、通识必修-全部、通识必修-思政必修
MARX1004G	大学生思想文化素养	马克思主义学院	10	75	3~17	否	(2026-2027-1)-MARX1004G-0082227-4	徐晓峰、陶安娜、潘临灵	周五第1,2节	紫金港东1A-207	秋冬	待定	PDF培养方案 / 通识-思政必修、通识必修-全部、通识必修-思政必修
MARX1004G	大学生思想文化素养	马克思主义学院	4	75	9~14	否	(2026-2027-1)-MARX1004G-0082227-5	徐晓峰、陶安娜、潘临灵	周五第3,4节	紫金港东1A-207	秋冬	待定	PDF培养方案 / 通识-思政必修、通识必修-全部、通识必修-思政必修
MARX1004G	大学生思想文化素养	马克思主义学院	2	97	0~21	否	(2026-2027-1)-MARX1004G-0616527-4	彭鹏	周五第1,2节	紫金港东1A-307	秋冬	待定	PDF培养方案 / 通识-思政必修、通识必修-全部、通识必修-思政必修
MARX1004G	大学生思想文化素养	马克思主义学院	0	70	0~0	否	(2026-2027-1)-MARX1004G-0616527-5	彭鹏	周五第3,4节	紫金港东1A-307	秋冬	待定	PDF培养方案 / 通识-思政必修、通识必修-全部、通识必修-思政必修
MARX2001G	马克思主义基本原理	马克思主义学院	0	95	0~0	否	(2026-2027-1)-MARX2001G-0013069-1	高永	周五第3,4,5节	紫金港西2-313	秋冬	2027年01月07日(14:00-16:00)	zdbk目录 / 通识必修-全部
MARX2001G	马克思主义基本原理	马克思主义学院	0	176	0~0	否	(2026-2027-1)-MARX2001G-0022355-1	王绍梁	周五第3,4,5节	紫金港西2-205	秋冬	2027年01月07日(14:00-16:00)	zdbk目录 / 通识必修-全部
MARX2001G	马克思主义基本原理	马克思主义学院	-2	95	0~0	否	(2026-2027-1)-MARX2001G-0621611-1	倪逸偲	周五第3,4,5节	紫金港西2-303	秋冬	2027年01月07日(14:00-16:00)	zdbk目录 / 通识必修-全部
MARX3001G	毛泽东思想和中国特色社会主义理论体系概论	马克思主义学院	15	135	0~0	否	(2026-2027-1)-MARX3001G-0021395-3	陈晓伟	周五第3,4,5节	玉泉曹光彪大楼西楼-107	秋冬	2027年01月09日(14:00-16:00)	zdbk目录 / 通识必修-全部
MARX3001G	毛泽东思想和中国特色社会主义理论体系概论	马克思主义学院	45	135	0~0	否	(2026-2027-1)-MARX3001G-0024330-3	陶俊怡	周五第3,4,5节	玉泉教7-106	秋冬	2027年01月09日(14:00-16:00)	zdbk目录 / 通识必修-全部
MARX3002G	习近平新时代中国特色社会主义思想概论	马克思主义学院	0	185	0~0	否	(2026-2027-1)-MARX3002G-0011306-1	叶文、苏冬	周五第3,4,5节	紫金港北1-114	秋冬	2027年01月06日(14:00-16:00)	zdbk目录 / 通识必修-全部
MARX3002G	习近平新时代中国特色社会主义思想概论	马克思主义学院	0	180	0~0	否	(2026-2027-1)-MARX3002G-0023321-1	苏冬、叶文	周五第3,4,5节	紫金港北2-112	秋冬	2027年01月06日(14:00-16:00)	zdbk目录 / 通识必修-全部
MATH1034G	文科高等数学	数学科学学院	175	264	0~4	否	(2026-2027-1)-MATH1034G-0099131-3	陈志国	周五第3,4,5节	紫金港东2-201	秋冬	2027年01月07日(10:30-12:30)	zdbk目录 / 通识必修-全部、通识必修-自然科学
MATH1101G	数学分析Ⅰ	数学科学学院	22	96	0~27	否	(2026-2027-1)-MATH1101G-0002287-1	姜海益	周三第3,4,5节;周三第9节;周五第3,4节	紫金港东1A-403;紫金港东1A-403;紫金港东1A-403	秋冬	2027年01月14日(08:00-10:00)	zdbk目录 / 通识必修-全部、通识必修-自然科学
MATH1133G	微积分（乙）Ⅰ	数学科学学院	181	216	0~6	否	(2026-2027-1)-MATH1133G-0013176-1	郭正初	周二第6,7,8节;周三第9节;周五第1,2节	紫金港东2-302;紫金港东2-302;紫金港东2-302	秋冬	2026年11月07日(14:00-16:00);2027年01月08日(08:00-10:00)	zdbk目录 / 通识必修-全部、通识必修-自然科学
MATH1133G	微积分（乙）Ⅰ	数学科学学院	176	226	0~1	否	(2026-2027-1)-MATH1133G-0021163-1	胡贤良	周三第3,4,5节;周三第9节;周五第1,2节	紫金港东2-301;紫金港东2-101;紫金港东2-301	秋冬	2026年11月07日(14:00-16:00);2027年01月08日(08:00-10:00)	zdbk目录 / 通识必修-全部、通识必修-自然科学
MATH1133G	微积分（乙）Ⅰ	数学科学学院	36	216	0~2	否	(2026-2027-1)-MATH1133G-0088056-1	李将云	周三第6,7,8节;周四第9节;周五第1,2节	紫金港东2-201;紫金港东2-101;紫金港东2-201	秋冬	2026年11月07日(14:00-16:00);2027年01月08日(08:00-10:00)	zdbk目录 / 通识必修-全部、通识必修-自然科学
MATH1161GH	微积分Ⅰ（H）	数学科学学院	28	119	2~2	否	(2026-2027-1)-MATH1161GH-0085120-2	孟龙	周二第3,4,5节;周四第9节;周五第3,4节	紫金港东1A-303;紫金港东1A-303;紫金港东1A-303	秋冬	2026年11月07日(14:00-16:00);2027年01月08日(08:00-10:00)	zdbk目录 / 通识必修-全部、通识必修-自然科学
MATH1261GH	线性代数Ⅰ（H）	数学科学学院	-1	100	0~0	否	(2026-2027-1)-MATH1261GH-0003325-1	谈之奕	周一第3,4,5节;周五第1节	紫金港东1A-303;紫金港东1A-303	秋冬	2027年01月10日(08:00-10:00)	zdbk目录 / 通识必修-全部、通识必修-自然科学
MATH2432F	概率论与数理统计	-	1	239	0~14	否	(2026-2027-1)-MATH2432F-0005252-1	黄炜	周五第3,4,5节	紫金港西2-102	秋冬	2027年01月12日(10:30-12:30)	PDF培养方案 / 专业基础
MATH2432F	概率论与数理统计	-	160	238	0~7	否	(2026-2027-1)-MATH2432F-0083261-3	吴建军	周五第3,4,5节	紫金港西2-101	秋冬	2027年01月12日(10:30-12:30)	PDF培养方案 / 专业基础
MED0260G	医学史—医学的过去，现在和未来	公共卫生学院	27	84	16~511	否	(2026-2027-1)-MED0260G-0013077-3	杨芊	周五第3,4,5节	紫金港东1A-405	冬	待定	zdbk目录 / 通识选修-世界文明、通识选修-全部
MGMT0306G	创业启程	管理学院	9	250	0~0	否	(2026-2027-1)-MGMT0306G-0003173-2	周永广	周五第11,12,13节{单周}	紫金港东2-201	冬	2027年01月07日(18:30-20:30)	zdbk目录 / 通识选修-全部、通识选修-当代社会
MGMT0306G	创业启程	管理学院	0	250	0~0	否	(2026-2027-1)-MGMT0306G-0092153-2	施杰	周五第11,12,13节{单周}	紫金港东2-202	冬	2027年01月07日(18:30-20:30)	zdbk目录 / 通识选修-全部、通识选修-当代社会
OPT0701G	数码摄影技术	光电科学与工程学院	4	80	0~0	否	(2026-2027-1)-OPT0701G-0012385-1	吕玮阁	周四第7,8节;周五第11,12节	紫金港北3-316;紫金港北3-316	秋	待定	zdbk目录 / 通识选修-全部、通识选修-博雅技艺
OPT0701G	数码摄影技术	光电科学与工程学院	0	80	0~0	否	(2026-2027-1)-OPT0701G-0012385-2	吕玮阁、林磊	周三第11,12节;周五第11,12节	紫金港北3-316;紫金港北3-316	冬	待定	zdbk目录 / 通识选修-全部、通识选修-博雅技艺
PHY2001G	大学物理（甲）Ⅱ	物理学院	0	96	0~0	否	(2026-2027-1)-PHY2001G-0020096-1	王逸璞	周三第1,2节;周五第3,4节	紫金港西2-203;紫金港西2-203	秋冬	2026年11月14日(14:00-16:00);2027年01月09日(08:00-10:00)	zdbk目录 / 通识必修-全部、通识必修-自然科学
PHY2001G	大学物理（甲）Ⅱ	物理学院	33	110	0~1	否	(2026-2027-1)-PHY2001G-0024014-1	胡仑辉	周三第3,4节;周五第1,2节	紫金港西2-203;紫金港西2-203	秋冬	2026年11月14日(14:00-16:00);2027年01月09日(08:00-10:00)	zdbk目录 / 通识必修-全部、通识必修-自然科学
PHY2001G	大学物理（甲）Ⅱ	物理学院	22	96	0~0	否	(2026-2027-1)-PHY2001G-0024355-2	李运美	周三第1,2节;周五第3,4节	紫金港西2-217;紫金港西2-217	秋冬	2026年11月14日(14:00-16:00);2027年01月09日(08:00-10:00)	zdbk目录 / 通识必修-全部、通识必修-自然科学
PHY2001G	大学物理（甲）Ⅱ	物理学院	0	113	0~0	否	(2026-2027-1)-PHY2001G-0086472-1	邱东江、鲁定辉	周三第3,4节;周五第1,2节	紫金港西1-406;紫金港西1-406	秋冬	2026年11月14日(14:00-16:00);2027年01月09日(08:00-10:00)	zdbk目录 / 通识必修-全部、通识必修-自然科学
PHY2001G	大学物理（甲）Ⅱ	物理学院	0	113	0~0	否	(2026-2027-1)-PHY2001G-0094169-2	李宏年	周三第3,4节;周五第1,2节	紫金港西2-217;紫金港西2-217	秋冬	2026年11月14日(14:00-16:00);2027年01月09日(08:00-10:00)	zdbk目录 / 通识必修-全部、通识必修-自然科学
PHY2001G	大学物理（甲）Ⅱ	物理学院	5	97	1~1	否	(2026-2027-1)-PHY2001G-0096424-1	罗孟波	周三第1,2节;周五第3,4节	紫金港西1-406;紫金港西1-406	秋冬	2026年11月14日(14:00-16:00);2027年01月09日(08:00-10:00)	zdbk目录 / 通识必修-全部、通识必修-自然科学
PHY2001G	大学物理（甲）Ⅱ	物理学院	63	96	0~0	否	(2026-2027-1)-PHY2001G-0618114-1	张威	周三第1,2节;周五第3,4节	紫金港西2-315;紫金港西2-315	秋冬	2026年11月14日(14:00-16:00);2027年01月09日(08:00-10:00)	zdbk目录 / 通识必修-全部、通识必修-自然科学
PHY2001GH	普通物理学Ⅱ（H）	物理学院	45	75	0~0	否	(2026-2027-1)-PHY2001GH-0007412-1	王业伍	周三第3,4节;周五第1,2节	紫金港西1-415;紫金港西1-415	秋冬	2027年01月09日(08:00-10:00)	zdbk目录 / 通识必修-全部、通识必修-自然科学
PHY2001GH	普通物理学Ⅱ（H）	物理学院	31	75	0~0	否	(2026-2027-1)-PHY2001GH-0007412-2	王业伍	周三第1,2节;周五第3,4节	紫金港西1-415;紫金港西1-415	秋冬	2027年01月09日(08:00-10:00)	zdbk目录 / 通识必修-全部、通识必修-自然科学
PHY2002G	大学物理（乙）Ⅱ	物理学院	2	127	0~8	否	(2026-2027-1)-PHY2002G-0020309-1	陈海	周五第3,4,5节	紫金港西2-415	秋冬	2026年11月14日(14:00-16:00);2027年01月09日(08:00-10:00)	PDF培养方案 / 通识-自然科学选修、通识必修-全部、通识必修-自然科学
PHY2002G	大学物理（乙）Ⅱ	物理学院	73	127	0~5	否	(2026-2027-1)-PHY2002G-0090228-1	章林溪	周五第3,4,5节	紫金港西2-105	秋冬	2026年11月14日(14:00-16:00);2027年01月09日(08:00-10:00)	PDF培养方案 / 通识-自然科学选修、通识必修-全部、通识必修-自然科学
PHY2005G	大学物理实验	物理学院	1	30	0~2	否	(2026-2027-1)-PHY2005G-0017687-100	肖婷	周五第3,4,5节	紫金港东4-212	秋冬	2027年01月11日(14:00-16:00)	PDF培养方案 / 通识-自然科学选修、通识必修-全部、通识必修-自然科学
PHY2005G	大学物理实验	物理学院	1	30	0~4	否	(2026-2027-1)-PHY2005G-0017687-101	肖婷	周五第3,4,5节	紫金港东4-212	秋冬	2027年01月11日(14:00-16:00)	PDF培养方案 / 通识-自然科学选修、通识必修-全部、通识必修-自然科学
PHY2005G	大学物理实验	物理学院	1	30	0~4	否	(2026-2027-1)-PHY2005G-0017687-102	肖婷	周五第3,4,5节	紫金港东4-212	秋冬	2027年01月11日(14:00-16:00)	PDF培养方案 / 通识-自然科学选修、通识必修-全部、通识必修-自然科学
PHY2005G	大学物理实验	物理学院	2	30	0~3	否	(2026-2027-1)-PHY2005G-0017687-103	肖婷	周五第3,4,5节	紫金港东4-212	秋冬	2027年01月11日(14:00-16:00)	PDF培养方案 / 通识-自然科学选修、通识必修-全部、通识必修-自然科学
PHY2005G	大学物理实验	物理学院	3	30	0~5	否	(2026-2027-1)-PHY2005G-0017687-104	肖婷	周五第3,4,5节	紫金港东4-212	秋冬	2027年01月11日(14:00-16:00)	PDF培养方案 / 通识-自然科学选修、通识必修-全部、通识必修-自然科学
PHY2005G	大学物理实验	物理学院	5	30	0~8	否	(2026-2027-1)-PHY2005G-0017687-105	肖婷	周五第3,4,5节	紫金港东4-212	秋冬	2027年01月11日(14:00-16:00)	PDF培养方案 / 通识-自然科学选修、通识必修-全部、通识必修-自然科学
PHY2005G	大学物理实验	物理学院	4	30	0~6	否	(2026-2027-1)-PHY2005G-0017687-106	肖婷	周五第3,4,5节	紫金港东4-212	秋冬	2027年01月11日(14:00-16:00)	PDF培养方案 / 通识-自然科学选修、通识必修-全部、通识必修-自然科学
PHY2005G	大学物理实验	物理学院	2	30	0~2	否	(2026-2027-1)-PHY2005G-0017687-107	肖婷	周五第3,4,5节	紫金港东4-212	秋冬	2027年01月11日(14:00-16:00)	PDF培养方案 / 通识-自然科学选修、通识必修-全部、通识必修-自然科学
PHY2005G	大学物理实验	物理学院	2	30	0~3	否	(2026-2027-1)-PHY2005G-0017687-108	肖婷	周五第3,4,5节	紫金港东4-212	秋冬	2027年01月11日(14:00-16:00)	PDF培养方案 / 通识-自然科学选修、通识必修-全部、通识必修-自然科学
PHY2005G	大学物理实验	物理学院	4	30	0~7	否	(2026-2027-1)-PHY2005G-0017687-109	肖婷	周五第3,4,5节	紫金港东4-212	秋冬	2027年01月11日(14:00-16:00)	PDF培养方案 / 通识-自然科学选修、通识必修-全部、通识必修-自然科学
PHY2005G	大学物理实验	物理学院	4	30	0~6	否	(2026-2027-1)-PHY2005G-0017687-110	肖婷	周五第3,4,5节	紫金港东4-212	秋冬	2027年01月11日(14:00-16:00)	PDF培养方案 / 通识-自然科学选修、通识必修-全部、通识必修-自然科学
PHY2005G	大学物理实验	物理学院	10	30	0~18	否	(2026-2027-1)-PHY2005G-0017687-111	肖婷	周五第3,4,5节	紫金港东4-212	秋冬	2027年01月11日(14:00-16:00)	PDF培养方案 / 通识-自然科学选修、通识必修-全部、通识必修-自然科学
PHY2005G	大学物理实验	物理学院	1	30	0~1	否	(2026-2027-1)-PHY2005G-0017687-112	肖婷	周五第3,4,5节	紫金港东4-212	秋冬	2027年01月11日(14:00-16:00)	PDF培养方案 / 通识-自然科学选修、通识必修-全部、通识必修-自然科学
PHY2005G	大学物理实验	物理学院	2	30	0~3	否	(2026-2027-1)-PHY2005G-0017687-99	肖婷	周五第3,4,5节	紫金港东4-212	秋冬	2027年01月11日(14:00-16:00)	PDF培养方案 / 通识-自然科学选修、通识必修-全部、通识必修-自然科学
PPAE0715G	打开艺术之门——越剧	公共体育与艺术部	0	25	0~0	否	(2026-2027-1)-PPAE0715G-Y240012-1	金彩芳	周五第11,12,13节	银泉学生服务中心226	秋冬	待定	zdbk目录 / 通识选修-全部、通识选修-博雅技艺
